,episodes,n_test,pos_rate,xgboost,gat,margin_vs_xgb
BUSD_2023,BUSD_winddown,290.0,0.0,,,
FTX_2022,DAI_FTX,338.0,0.1627,0.12048,0.10465,-0.01583
SVB_2023,FRAX_SVB+USDC_SVB,1859.0,0.2932,0.24039,0.3252,0.08481
Terra_2022,USDT_May2022+UST_Terra,1740.0,0.1655,0.13512,0.27419,0.13907
USDT_2018,USDT_Oct2018,97.0,0.0103,0.01471,0.25,0.23529
MEAN,,1008.5,0.157925,0.127675,0.23851,0.110835
