fold,all_7_xgboost,all_7_gat,all_7_margin_vs_xgb,all_7_pos_rate,stable_5_xgboost,stable_5_gat,stable_5_margin_vs_xgb,stable_5_pos_rate
BUSD_2023,,,,0.0,,,,
FTX_2022,0.12365,0.12646,0.00281,0.1627,0.37344,0.11144,-0.262,0.1627
MEAN,0.1305575,0.17615999999999998,0.045602500000000004,0.157925,0.2569766666666667,0.18166333333333332,-0.07531,0.20713333333333336
SVB_2023,0.23957,0.28616,0.04659,0.2932,0.25546,0.2673,0.01184,0.2932
Terra_2022,0.1487,0.23646,0.08776,0.1655,0.14203,0.16625,0.02423,0.1655
USDT_2018,0.01031,0.05556,0.04525,0.0103,,,,
