held_cluster,episodes,n_test,pos_rate,majority,persistence,logreg,xgboost,gru,graphsage,gat
BUSD_2023,BUSD_winddown,290.0,0.0,,,,,,,
FTX_2022,DAI_FTX,338.0,0.0325,0.03254437869822485,0.14077949241762533,0.022146395222300864,0.058013950519212404,0.03487524254696482,0.04936836095768557,0.13599460377158795
SVB_2023,FRAX_SVB+USDC_SVB,1859.0,0.0452,0.04518558364712211,0.04413868639736366,0.03872631576971667,0.04821829673869617,0.03794783391430431,0.047301088014435416,0.0651429609509113
Terra_2022,USDT_May2022+UST_Terra,1740.0,0.0161,0.016091954022988506,0.07636047859893226,0.04917788120703759,0.015225278947017754,0.06755535417374216,0.0626778896018328,0.02318543914282993
USDT_2018,USDT_Oct2018,97.0,0.0103,0.010309278350515464,0.010309278350515464,0.011494252873563218,0.014084507042253521,0.015384615384615385,0.017241379310344827,0.018867924528301886
MEAN,,864.8,0.020819999999999998,0.026032798679712733,0.06789698394110918,0.030386211268154585,0.03388550831179496,0.03894076150490667,0.04414717947107465,0.06079773209840776
