held_cluster,episodes,n_test,pos_rate,majority,persistence,logreg,xgboost,gru,graphsage,gat
BUSD_2023,BUSD_winddown,290,0.0,,,,,,,
FTX_2022,DAI_FTX,338,0.0325,0.5,0.8996385877119822,0.25382262996941896,0.7136502641089797,0.5093133166527662,0.5996663886572144,0.5999443981095358
SVB_2023,FRAX_SVB+USDC_SVB,1859,0.0452,0.5,0.5230717639168344,0.4539637826961771,0.5108316566063045,0.4502280348759222,0.5482629107981221,0.6318712273641851
Terra_2022,USDT_May2022+UST_Terra,1740,0.0161,0.5,0.8897592623497997,0.8225133511348465,0.4651201602136182,0.7119075433911882,0.533836782376502,0.583402870493992
USDT_2018,USDT_Oct2018,97,0.0103,0.5,0.0,0.10416666666666663,0.27083333333333337,0.33333333333333337,0.40625,0.45833333333333337
