held_cluster,episodes,n_test,pos_rate,majority,persistence,logreg,xgboost,gru,graphsage,gat
BUSD_2023,BUSD_winddown,290.0,0.0,,,,,,,
FTX_2022,DAI_FTX,338.0,0.1627,0.16272189349112426,0.3254587445988078,0.12249707757922272,0.12047617152637029,0.12732199421242935,0.10122081604463368,0.22869050571453625
SVB_2023,FRAX_SVB+USDC_SVB,1859.0,0.2932,0.29316837009144703,0.2780461845668286,0.27844169556693615,0.2403906625783305,0.22710199852964708,0.3045117000678583,0.33063742910277505
Terra_2022,USDT_May2022+UST_Terra,1740.0,0.1655,0.16551724137931034,0.17501521239459067,0.2296617377559256,0.1351216112164373,0.14852207066226322,0.22492526893933695,0.18449112959556502
USDT_2018,USDT_Oct2018,97.0,0.0103,0.010309278350515464,0.010309278350515464,0.017857142857142856,0.014705882352941176,0.030303030303030304,0.023809523809523808,0.3333333333333333
MEAN,,864.8,0.12634,0.15792919582809928,0.19720735497768566,0.16211441343980684,0.1276735819185198,0.1333122734268425,0.16361682721533818,0.2692880994365524
