held_cluster,episodes,n_test,pos_rate,majority,persistence,logreg,xgboost,gru,graphsage,gat
BUSD_2023,BUSD_winddown,290,0.0,,,,,,,
FTX_2022,DAI_FTX,338,0.1627,0.5,0.7964664310954065,0.29816896884034694,0.3529714102152265,0.394282043045294,0.20388692579505296,0.5638933504657887
SVB_2023,FRAX_SVB+USDC_SVB,1859,0.2932,0.5,0.41832069596302346,0.4786763576445618,0.3853120243531203,0.3602209096113834,0.5662330861715051,0.5883345202686664
Terra_2022,USDT_May2022+UST_Terra,1740,0.1655,0.5,0.5499442818334863,0.6405556512090604,0.41559056473829203,0.4745202976737068,0.5853037955310683,0.5464553202479339
USDT_2018,USDT_Oct2018,97,0.0103,0.5,0.0,0.42708333333333337,0.30208333333333337,0.6666666666666667,0.5729166666666667,0.9791666666666667
