,pr_auc,roc_auc,weighted_f1
xgboost_baseline,0.26544871455069097,0.4162205186209208,0.5854249994956436
xgboost_onchain,0.27031337479814177,0.41519626324829284,0.5854249994956436
