held_cluster,seed,gat_pr_auc,tgn_pr_auc,delta_tgn_vs_gat
FTX_2022,0,0.14692,0.19457,0.04765
FTX_2022,1,0.24201,0.28846,0.04645
SVB_2023,0,0.30891,0.30643,-0.00247
SVB_2023,1,0.25293,0.28335,0.03042
Terra_2022,0,0.19437,0.13272,-0.06165
Terra_2022,1,0.19644,0.2194,0.02296
USDT_2018,0,0.02041,0.0125,-0.00791
USDT_2018,1,0.05263,0.04348,-0.00915
